{"cameraMode":{"drawMode":0,"name":"Shaded","section":"Shading Mode"},"sceneLighting":true,"audioPlay":false,"sceneViewState":{"showFog":true,"showMaterialUpdate":false,"showSkybox":true,"showFlares":true,"showImageEffects":true,"showParticleSystems":true},"in2DMode":false,"pivot":{"x":18.01751708984375,"y":9.311636924743653,"z":22.40636444091797},"rotation":{"x":0.008872631005942822,"y":-0.9900341629981995,"z":0.07320703566074372,"w":0.1199876070022583},"size":37.869659423828128,"orthographic":false}