{"cameraMode":{"drawMode":0,"name":"Shaded","section":"Shading Mode"},"sceneLighting":false,"audioPlay":false,"sceneViewState":{"showFog":true,"showMaterialUpdate":false,"showSkybox":false,"showFlares":true,"showImageEffects":true,"showParticleSystems":true},"in2DMode":false,"pivot":{"x":-61.35684585571289,"y":-56.70633316040039,"z":-121.4154052734375},"rotation":{"x":-0.07936457544565201,"y":-0.7554965615272522,"z":-0.09316030144691467,"w":0.6436220407485962},"size":4.041658401489258,"orthographic":false}