{"cameraMode":{"drawMode":0,"name":"Shaded","section":"Shading Mode"},"sceneLighting":true,"audioPlay":false,"sceneViewState":{"showFog":true,"showMaterialUpdate":false,"showSkybox":true,"showFlares":true,"showImageEffects":true,"showParticleSystems":true},"in2DMode":false,"pivot":{"x":1323.357421875,"y":638.43798828125,"z":32.1336669921875},"rotation":{"x":-0.23658809065818788,"y":0.14998137950897218,"z":-0.03700155019760132,"w":-0.9592693448066711},"size":2254.83642578125,"orthographic":false}