{"cameraMode":{"drawMode":0,"name":"Shaded","section":"Shading Mode"},"sceneLighting":true,"audioPlay":false,"sceneViewState":{"showFog":true,"showMaterialUpdate":false,"showSkybox":true,"showFlares":true,"showImageEffects":true,"showParticleSystems":true},"in2DMode":false,"pivot":{"x":-68.16627502441406,"y":-6.696649551391602,"z":-15.659746170043946},"rotation":{"x":-0.14196108281612397,"y":0.7952156662940979,"z":-0.2041875571012497,"w":-0.5530867576599121},"size":43.94454574584961,"orthographic":false}