{"cameraMode":{"drawMode":0,"name":"Shaded","section":"Shading Mode"},"sceneLighting":false,"audioPlay":false,"sceneViewState":{"showFog":true,"showMaterialUpdate":false,"showSkybox":false,"showFlares":true,"showImageEffects":true,"showParticleSystems":true},"in2DMode":false,"pivot":{"x":-5.713811874389648,"y":-0.04633188247680664,"z":0.0008192062377929688},"rotation":{"x":0.12929895520210267,"y":0.6804965138435364,"z":-0.12382861226797104,"w":0.7105505466461182},"size":13.635786056518555,"orthographic":false}